{
  "GAOFEN 1-03": {
    "Co": 0.0,
    "Th": 0.6,
    "Ra": 0.75,
    "ST": 0,
    "Ac": 0,
    "DOCI": 0
  },
  "GAOFEN 1-04": {
    "Co": 0.0,
    "Th": 0.6,
    "Ra": 0.75,
    "ST": 0,
    "Ac": 0,
    "DOCI": 0
  },
  "ZY-1 02E": {
    "Co": 0.0,
    "Th": 0.6,
    "Ra": 0.75,
    "ST": 0,
    "Ac": 0,
    "DOCI": 0
  },
  "ZY-1 02D": {
    "Co": 0.0,
    "Th": 0.6,
    "Ra": 0.75,
    "ST": 0,
    "Ac": 0,
    "DOCI": 0
  },
  "HJ-2F": {
    "Co": 0.0,
    "Th": 0.4,
    "Ra": 0.75,
    "ST": 0,
    "Ac": 0,
    "DOCI": 0
  },
  "HJ-2E": {
    "Co": 0.5037974975141339,
    "Th": 0.4,
    "Ra": 0.75,
    "ST": 0.32666666666666666,
    "Ac": 0.6666666666666666,
    "DOCI": 0.3992827077118668
  },
  "HJ-2B": {
    "Co": 0.2748323855917895,
    "Th": 0.4,
    "Ra": 0.75,
    "ST": 0.32666666666666666,
    "Ac": 0.6666666666666666,
    "DOCI": 0.3420414297312807
  },
  "HJ-2A": {
    "Co": 0.0,
    "Th": 0.4,
    "Ra": 0.75,
    "ST": 0,
    "Ac": 0,
    "DOCI": 0
  },
  "LANDSAT 9": {
    "Co": 0.0,
    "Th": 0.8,
    "Ra": 0.75,
    "ST": 0,
    "Ac": 0,
    "DOCI": 0
  },
  "LANDSAT 8": {
    "Co": 0.18615714367324038,
    "Th": 0.8,
    "Ra": 0.75,
    "ST": 0.1,
    "Ac": 1.0,
    "DOCI": 0.4590392859183101
  },
  "LANDSAT 7": {
    "Co": 0.0,
    "Th": 0.8,
    "Ra": 0.75,
    "ST": 0,
    "Ac": 0,
    "DOCI": 0
  },
  "SENTINEL 2A": {
    "Co": 0.0,
    "Th": 0.8,
    "Ra": 0.75,
    "ST": 0,
    "Ac": 0,
    "DOCI": 0
  },
  "SENTINEL 2B": {
    "Co": 0.0,
    "Th": 0.8,
    "Ra": 0.75,
    "ST": 0,
    "Ac": 0,
    "DOCI": 0
  },
  "GAOFEN 6": {
    "Co": 0.0,
    "Th": 0.6,
    "Ra": 0.75,
    "ST": 0,
    "Ac": 0,
    "DOCI": 0
  },
  "GAOFEN 1": {
    "Co": 0.0,
    "Th": 0.6,
    "Ra": 0.75,
    "ST": 0,
    "Ac": 0,
    "DOCI": 0
  },
  "GAOFEN 1-02": {
    "Co": 0.98501291495925,
    "Th": 0.6,
    "Ra": 0.75,
    "ST": 0.8666666666666666,
    "Ac": 0.8333333333333334,
    "DOCI": 0.7441698954064793
  }
}